{
    "camera_matrix": [
        [
            1109.7786865234375,
            0.0,
            954.1166381835938
        ],
        [
            0.0,
            1113.291748046875,
            561.0585327148438
        ],
        [
            0.0,
            0.0,
            1.0
        ]
    ],
    "dist_coeffs": [
        -0.44316601753234863,
        0.27448272705078125,
        0.002498507034033537,
        0.001403247588314116,
        -0.10310405492782593
    ],
    "extrinsics": [
        [
            [
                -0.6884239723604729,
                0.0584522827825846,
                -0.7229493515571692,
                0.24738056033807193
            ],
            [
                0.11222179908348748,
                -0.9761604665052783,
                -0.18578754383074958,
                1.1070490991616475
            ],
            [
                -0.7165742823252117,
                -0.20903127581704634,
                0.6654526456784179,
                2.5787507478233125
            ]
        ],
        [
            [
                -0.7074721980999261,
                0.055343910465329396,
                -0.7045708910323109,
                0.24843804071028866
            ],
            [
                0.13444192266812505,
                -0.9681863416077098,
                -0.2110463867342364,
                1.098571867776424
            ],
            [
                -0.6938360457233083,
                -0.2440333163702952,
                0.6775243775366012,
                2.611661571102418
            ]
        ],
        [
            [
                -0.705793817483034,
                0.06145834841371154,
                -0.705746384059447,
                0.2376998953369073
            ],
            [
                0.14271320973090165,
                -0.9634699308404017,
                -0.2266244296952456,
                1.1000625183613155
            ],
            [
                -0.693893382999888,
                -0.2606694530946242,
                0.6712402023510815,
                2.64113193668997
            ]
        ],
        [
            [
                -0.6945077572346252,
                0.06584395051598413,
                -0.7164660140728097,
                0.23665927585040034
            ],
            [
                0.13130934641103836,
                -0.9674794957038327,
                -0.21619731945092083,
                1.1028948070662274
            ],
            [
                -0.7074014635877118,
                -0.2442293994856193,
                0.6632760886243805,
                2.613343478694344
            ]
        ],
        [
            [
                -0.7054892714404055,
                0.0427488862297211,
                -0.7074301524593111,
                0.26324811177927243
            ],
            [
                0.12400075361574002,
                -0.9753366413000064,
                -0.1825986014194831,
                1.0898155683682567
            ],
            [
                -0.6977884356918035,
                -0.21654322631692058,
                0.6827886423711547,
                2.553703977470157
            ]
        ],
        [
            [
                -0.9391756632162401,
                -0.25786858620845604,
                0.22683224168796548,
                -0.11851916343307446
            ],
            [
                0.16000130520900477,
                -0.9129500477730343,
                -0.3753955148941303,
                1.164149456914861
            ],
            [
                0.3038892165802374,
                -0.3162688769355379,
                0.898679776966291,
                2.2026900021795157
            ]
        ],
        [
            [
                -0.7080772331244025,
                0.05563899330232176,
                -0.7039395814664742,
                0.23882078978366172
            ],
            [
                0.13316029207622443,
                -0.9684842223845723,
                -0.21049144307150558,
                1.0992595831764194
            ],
            [
                -0.693465910153531,
                -0.24278099887852522,
                0.6783527239117424,
                2.6056378015986765
            ]
        ],
        [
            [
                -0.6832907830305466,
                0.06638876350804764,
                -0.7271218865536747,
                0.25479710769077657
            ],
            [
                0.13366767370163823,
                -0.9676538301220815,
                -0.21396031888473638,
                1.1029469218155723
            ],
            [
                -0.7178068394998022,
                -0.24338980490139317,
                0.6523149117085754,
                2.615650090393056
            ]
        ],
        [
            [
                -0.7111675215667221,
                0.05429656629673544,
                -0.700922705551069,
                0.2389208754695063
            ],
            [
                0.1405596442228308,
                -0.9659006826780266,
                -0.2174370198886874,
                1.09831181455219
            ],
            [
                -0.6888278033620576,
                -0.2531555926510541,
                0.6792852885385473,
                2.5939816950463244
            ]
        ],
        [
            [
                -0.7039777081918627,
                0.056021314165235,
                -0.7080091798332367,
                0.2369598207616581
            ],
            [
                0.13407510463529113,
                -0.9684771525127175,
                -0.20994254303950446,
                1.0964834945443909
            ],
            [
                -0.6974519715980222,
                -0.2427212751698097,
                0.6742752627035732,
                2.6136823155145263
            ]
        ],
        [
            [
                -0.7019249116463303,
                0.05893874087927097,
                -0.7098081735468094,
                0.23895240400886164
            ],
            [
                0.12497150938927029,
                -0.9709186566301958,
                -0.2042035358371235,
                1.0947425741022612
            ],
            [
                -0.7012014976105363,
                -0.23204134767532705,
                0.6741463288617383,
                2.5943769667347776
            ]
        ],
        [
            [
                -0.7050544566633108,
                0.06263138215012351,
                -0.7063819951762422,
                0.2234809339013212
            ],
            [
                0.11787535293775975,
                -0.9718849464446354,
                -0.20382603377416444,
                1.0845273587836437
            ],
            [
                -0.6992879337647706,
                -0.2269734804867596,
                0.6778491165788474,
                2.57638629360823
            ]
        ],
        [
            [
                -0.7007881978156594,
                0.05680414855743838,
                -0.7111042050986232,
                0.25052793381176325
            ],
            [
                0.1427267389515013,
                -0.9655050235340288,
                -0.21778229385977307,
                1.0883588494916066
            ],
            [
                -0.6989456200524833,
                -0.2541128454785767,
                0.6685070545418584,
                2.633321986791144
            ]
        ],
        [
            [
                -0.6977235100409951,
                0.06210651611278118,
                -0.7136698705931239,
                0.24410777020315158
            ],
            [
                0.12839406441577256,
                -0.9692614285905539,
                -0.20987436067656529,
                1.107358215436076
            ],
            [
                -0.7047672436761458,
