{
    "camera_matrix": [
        [
            1112.358154296875,
            0.0,
            997.9274291992188
        ],
        [
            0.0,
            1113.769775390625,
            544.3837890625
        ],
        [
            0.0,
            0.0,
            1.0
        ]
    ],
    "dist_coeffs": [
        -0.4271526038646698,
        0.2230600267648697,
        0.0017147649778053164,
        -0.00034025803324766457,
        -0.06510645896196365
    ],
    "extrinsics": [
        [
            [
                -0.9948009016869461,
                0.020511184200751882,
                -0.09975197905566564,
                -0.2526550119398403
            ],
            [
                0.042529612524596895,
                -0.8063293101403006,
                -0.5899358233462133,
                1.3067903797617497
            ],
            [
                -0.09253322679636099,
                -0.591111102020043,
                0.8012647920677058,
                2.4162400598280245
            ]
        ],
        [
            [
                -0.9947732404963673,
                0.02258709115266676,
                -0.09957923129657967,
                -0.26404342794017144
            ],
            [
                0.04071738824250283,
                -0.8065868933459699,
                -0.5897115208109862,
                1.3020619894646523
            ],
            [
                -0.09363917068762345,
                -0.5906838467367785,
                0.8014513702759363,
                2.4178967074725164
            ]
        ],
        [
            [
                -0.9944766831328745,
                0.01896074999801675,
                -0.10323089006953816,
                -0.25093282353004054
            ],
            [
                0.04490667620349649,
                -0.8121110344968905,
                -0.5817723421414468,
                1.3016009369881005
            ],
            [
                -0.09486578486151205,
                -0.5831947853058214,
                0.8067740236613383,
                2.4093257642652777
            ]
        ],
        [
            [
                -0.9942793177494132,
                0.020104630521460706,
                -0.10490205969072751,
                -0.24840880935560225
            ],
            [
                0.04609859693005919,
                -0.8051748043302155,
                -0.5912431427364543,
                1.3044222624986685
            ],
            [
                -0.09635122031838177,
                -0.5926966663508365,
                0.7996418598596274,
                2.4253707362229973
            ]
        ],
        [
            [
                -0.9970840843838186,
                0.010523906916109192,
                -0.07558158540083233,
                -0.26827497557351054
            ],
            [
                0.03613530897837777,
                -0.8072493912827612,
                -0.5891032674486271,
                1.3041014495030285
            ],
            [
                -0.06721285675761306,
                -0.5901166559730647,
                0.8045152355484932,
                2.4288054055181076
            ]
        ],
        [
            [
                -0.12891341173417548,
                -0.277563306833964,
                0.9520188774254688,
                -0.2573317387114168
            ],
            [
                -0.08149072588357612,
                -0.9538173427621001,
                -0.28912235859790286,
                1.0007811343721968
            ],
            [
                0.9883018738573872,
                -0.11485245903175607,
                0.10034101247414251,
                3.798971961476389
            ]
        ],
        [
            [
                -0.8365424850745602,
                -0.00027656233894550464,
                -0.5479019932237446,
                -0.15489903712865477
            ],
            [
                0.12878349429031505,
                -0.9720827986307863,
                -0.19613730956784992,
                1.215487087744701
            ],
            [
                -0.5325518587552351,
                -0.2346379255777098,
                0.81322417672923,
                2.4260995844228677
            ]
        ],
        [
            [
                -0.995483665460058,
                0.019076967534240125,
                -0.09299645752341869,
                -0.2615958204205902
            ],
            [
                0.039407730236520576,
                -0.8081718069585645,
                -0.5876268894757406,
                1.3037396382253283
            ],
            [
                -0.08636725421022189,
                -0.5886377491692376,
                0.8037700527222696,
                2.4095467538871773
            ]
        ],
        [
            [
                0.19584400069576313,
                -0.17112173820569732,
                0.9655891870277641,
                0.6659645120964445
            ],
            [
                0.09648698689514873,
                -0.9765166021609624,
                -0.19262810559184806,
                1.3416204861825434
            ],
            [
                0.9758767282558659,
                0.13089185008039866,
                -0.17473389720130783,
                3.3251747183388005
            ]
        ],
        [
            [
                -0.9955062172732527,
                0.01781298202563155,
                -0.09300574735818094,
                -0.2586221157838547
            ],
            [
                0.040587548621687876,
                -0.8071003262920651,
                -0.5890175839447614,
                1.3048797016186213
            ],
            [
                -0.08555712867541417,
                -0.5901455421932768,
                0.8027504075129588,
                2.4119578744007844
            ]
        ],
        [
            [
                -0.6437197751406321,
                0.1336535693188529,
                -0.7534995517591399,
                0.03052695386682005
            ],
            [
                0.14501892263314095,
                -0.9454841021351624,
                -0.2915978818304219,
                1.0253793943735994
            ],
            [
                -0.7513949448666908,
                -0.2969790161240289,
                0.5892445169967953,
                2.9686808773193913
            ]
        ],
        [
            [
                -0.9952530927975141,
                0.017298380945561444,
                -0.09577080606137309,
                -0.2581509228445933
            ],
            [
                0.04173065567482388,
                -0.813160586592978,
                -0.5805414824013123,
                1.3079882629907673
            ],
            [
                -0.08791947255262733,
                -0.5817822843886072,
                0.8085787159687307,
                2.399299337034814
            ]
        ]
    ],
    "reprojection_errors": [
        0.056132378529516774,
        0.0653832105190784,
        0.06373977312655245,
        0.057615015130725776,
        0.06427206528645434,
        7.392376226553633,
        3.7607730122632574,
        0.060754584628425555,
        8.675690788171694,
        0.05798701708290754,
        4.331359326069957,
        0.18106967408546196
    ],
    "best_extrinsic": [
        [
            -0.9948009016869461,
            0.020511184200751882,
            -0.09975197905566564,
            -0.2526550119398403
        ],
        [
            0.042529612524596895,
            -0.8063293101403006,
            -0.5899358233462133,
            1.3067903797617497
        ],
        [
            -0.09253322679636099,
            -0.591111102020043,
            0.8012647920677058,
            2.4162400598280245
        ]
    ],
    "best_error": 0.056132378529516774
}