{
    "camera_matrix": [
        [
            1109.7786263881544,
            0.0,
            954.1166658310808
        ],
        [
            0.0,
            1113.2917438535956,
            561.0585505493531
        ],
        [
            0.0,
            0.0,
            1.0
        ]
    ],
    "dist_coeffs": [
        [
            -0.44316602377353526,
            0.2744827153589431,
            0.0024985069562356087,
            0.001403247592640632,
            -0.10310405209202353
        ]
    ]
}