{
    "camera_matrix": [
        [
            1112.3581681008236,
            0.0,
            997.9274313526511
        ],
        [
            0.0,
            1113.7698018485617,
            544.3837811232283
        ],
        [
            0.0,
            0.0,
            1.0
        ]
    ],
    "dist_coeffs": [
        [
            -0.42715259412957407,
            0.2230600218295157,
            0.0017147650114948502,
            -0.00034025803002021274,
            -0.06510645932643812
        ]
    ]
}